<?xml version="1.0" encoding="UTF-8"?>
<root>
  <item name="com.st.BlueSTSDK.Features.FeatureAILogging int getLoggingStatus(com.st.BlueSTSDK.Feature.Sample)">
    <annotation name="android.support.annotation.IntDef">
      <val name="value" val="{com.st.BlueSTSDK.Features.FeatureAILogging.LOGGING_STOPPED, com.st.BlueSTSDK.Features.FeatureAILogging.LOGGING_STARTED, com.st.BlueSTSDK.Features.FeatureAILogging.LOGGING_NO_SD, com.st.BlueSTSDK.Features.FeatureAILogging.LOGGING_IO_ERROR, com.st.BlueSTSDK.Features.FeatureAILogging.LOGGING_UNKNOWN}" />
    </annotation>
  </item>
  <item name="com.st.BlueSTSDK.Features.FeatureAILogging.LoggingStatus">
    <annotation name="android.support.annotation.IntDef">
      <val name="value" val="{com.st.BlueSTSDK.Features.FeatureAILogging.LOGGING_STOPPED, com.st.BlueSTSDK.Features.FeatureAILogging.LOGGING_STARTED, com.st.BlueSTSDK.Features.FeatureAILogging.LOGGING_NO_SD, com.st.BlueSTSDK.Features.FeatureAILogging.LOGGING_IO_ERROR, com.st.BlueSTSDK.Features.FeatureAILogging.LOGGING_UNKNOWN}" />
    </annotation>
  </item>
  <item name="com.st.BlueSTSDK.Features.FeatureAccelerationEvent boolean hasAccelerationEvent(com.st.BlueSTSDK.Feature.Sample, int) 1">
    <annotation name="android.support.annotation.IntDef">
      <val name="flag" val="true" />
      <val name="value" val="{com.st.BlueSTSDK.Features.FeatureAccelerationEvent.NO_EVENT, com.st.BlueSTSDK.Features.FeatureAccelerationEvent.ORIENTATION_TOP_LEFT, com.st.BlueSTSDK.Features.FeatureAccelerationEvent.ORIENTATION_TOP_RIGHT, com.st.BlueSTSDK.Features.FeatureAccelerationEvent.ORIENTATION_BOTTOM_RIGHT, com.st.BlueSTSDK.Features.FeatureAccelerationEvent.ORIENTATION_BOTTOM_LEFT, com.st.BlueSTSDK.Features.FeatureAccelerationEvent.ORIENTATION_UP, com.st.BlueSTSDK.Features.FeatureAccelerationEvent.ORIENTATION_DOWN, com.st.BlueSTSDK.Features.FeatureAccelerationEvent.TILT, com.st.BlueSTSDK.Features.FeatureAccelerationEvent.SINGLE_TAP, com.st.BlueSTSDK.Features.FeatureAccelerationEvent.DOUBLE_TAP, com.st.BlueSTSDK.Features.FeatureAccelerationEvent.WAKE_UP, com.st.BlueSTSDK.Features.FeatureAccelerationEvent.PEDOMETER, com.st.BlueSTSDK.Features.FeatureAccelerationEvent.FREE_FALL}" />
    </annotation>
  </item>
  <item name="com.st.BlueSTSDK.Features.FeatureAccelerationEvent boolean hasOrientationEvent(int) 0">
    <annotation name="android.support.annotation.IntDef">
      <val name="flag" val="true" />
      <val name="value" val="{com.st.BlueSTSDK.Features.FeatureAccelerationEvent.NO_EVENT, com.st.BlueSTSDK.Features.FeatureAccelerationEvent.ORIENTATION_TOP_LEFT, com.st.BlueSTSDK.Features.FeatureAccelerationEvent.ORIENTATION_TOP_RIGHT, com.st.BlueSTSDK.Features.FeatureAccelerationEvent.ORIENTATION_BOTTOM_RIGHT, com.st.BlueSTSDK.Features.FeatureAccelerationEvent.ORIENTATION_BOTTOM_LEFT, com.st.BlueSTSDK.Features.FeatureAccelerationEvent.ORIENTATION_UP, com.st.BlueSTSDK.Features.FeatureAccelerationEvent.ORIENTATION_DOWN, com.st.BlueSTSDK.Features.FeatureAccelerationEvent.TILT, com.st.BlueSTSDK.Features.FeatureAccelerationEvent.SINGLE_TAP, com.st.BlueSTSDK.Features.FeatureAccelerationEvent.DOUBLE_TAP, com.st.BlueSTSDK.Features.FeatureAccelerationEvent.WAKE_UP, com.st.BlueSTSDK.Features.FeatureAccelerationEvent.PEDOMETER, com.st.BlueSTSDK.Features.FeatureAccelerationEvent.FREE_FALL}" />
    </annotation>
  </item>
  <item name="com.st.BlueSTSDK.Features.FeatureAccelerationEvent int extractOrientationEvent(int)">
    <annotation name="android.support.annotation.IntDef">
      <val name="flag" val="true" />
      <val name="value" val="{com.st.BlueSTSDK.Features.FeatureAccelerationEvent.NO_EVENT, com.st.BlueSTSDK.Features.FeatureAccelerationEvent.ORIENTATION_TOP_LEFT, com.st.BlueSTSDK.Features.FeatureAccelerationEvent.ORIENTATION_TOP_RIGHT, com.st.BlueSTSDK.Features.FeatureAccelerationEvent.ORIENTATION_BOTTOM_RIGHT, com.st.BlueSTSDK.Features.FeatureAccelerationEvent.ORIENTATION_BOTTOM_LEFT, com.st.BlueSTSDK.Features.FeatureAccelerationEvent.ORIENTATION_UP, com.st.BlueSTSDK.Features.FeatureAccelerationEvent.ORIENTATION_DOWN, com.st.BlueSTSDK.Features.FeatureAccelerationEvent.TILT, com.st.BlueSTSDK.Features.FeatureAccelerationEvent.SINGLE_TAP, com.st.BlueSTSDK.Features.FeatureAccelerationEvent.DOUBLE_TAP, com.st.BlueSTSDK.Features.FeatureAccelerationEvent.WAKE_UP, com.st.BlueSTSDK.Features.FeatureAccelerationEvent.PEDOMETER, com.st.BlueSTSDK.Features.FeatureAccelerationEvent.FREE_FALL}" />
    </annotation>
  </item>
  <item name="com.st.BlueSTSDK.Features.FeatureAccelerationEvent int extractOrientationEvent(int) 0">
    <annotation name="android.support.annotation.IntDef">
      <val name="flag" val="true" />
      <val name="value" val="{com.st.BlueSTSDK.Features.FeatureAccelerationEvent.NO_EVENT, com.st.BlueSTSDK.Features.FeatureAccelerationEvent.ORIENTATION_TOP_LEFT, com.st.BlueSTSDK.Features.FeatureAccelerationEvent.ORIENTATION_TOP_RIGHT, com.st.BlueSTSDK.Features.FeatureAccelerationEvent.ORIENTATION_BOTTOM_RIGHT, com.st.BlueSTSDK.Features.FeatureAccelerationEvent.ORIENTATION_BOTTOM_LEFT, com.st.BlueSTSDK.Features.FeatureAccelerationEvent.ORIENTATION_UP, com.st.BlueSTSDK.Features.FeatureAccelerationEvent.ORIENTATION_DOWN, com.st.BlueSTSDK.Features.FeatureAccelerationEvent.TILT, com.st.BlueSTSDK.Features.FeatureAccelerationEvent.SINGLE_TAP, com.st.BlueSTSDK.Features.FeatureAccelerationEvent.DOUBLE_TAP, com.st.BlueSTSDK.Features.FeatureAccelerationEvent.WAKE_UP, com.st.BlueSTSDK.Features.FeatureAccelerationEvent.PEDOMETER, com.st.BlueSTSDK.Features.FeatureAccelerationEvent.FREE_FALL}" />
    </annotation>
  </item>
  <item name="com.st.BlueSTSDK.Features.FeatureAccelerationEvent int getAccelerationEvent(com.st.BlueSTSDK.Feature.Sample)">
    <annotation name="android.support.annotation.IntDef">
      <val name="flag" val="true" />
      <val name="value" val="{com.st.BlueSTSDK.Features.FeatureAccelerationEvent.NO_EVENT, com.st.BlueSTSDK.Features.FeatureAccelerationEvent.ORIENTATION_TOP_LEFT, com.st.BlueSTSDK.Features.FeatureAccelerationEvent.ORIENTATION_TOP_RIGHT, com.st.BlueSTSDK.Features.FeatureAccelerationEvent.ORIENTATION_BOTTOM_RIGHT, com.st.BlueSTSDK.Features.FeatureAccelerationEvent.ORIENTATION_BOTTOM_LEFT, com.st.BlueSTSDK.Features.FeatureAccelerationEvent.ORIENTATION_UP, com.st.BlueSTSDK.Features.FeatureAccelerationEvent.ORIENTATION_DOWN, com.st.BlueSTSDK.Features.FeatureAccelerationEvent.TILT, com.st.BlueSTSDK.Features.FeatureAccelerationEvent.SINGLE_TAP, com.st.BlueSTSDK.Features.FeatureAccelerationEvent.DOUBLE_TAP, com.st.BlueSTSDK.Features.FeatureAccelerationEvent.WAKE_UP, com.st.BlueSTSDK.Features.FeatureAccelerationEvent.PEDOMETER, com.st.BlueSTSDK.Features.FeatureAccelerationEvent.FREE_FALL}" />
    </annotation>
  </item>
  <item name="com.st.BlueSTSDK.Features.FeatureAccelerationEvent java.lang.String eventToString(int) 0">
    <annotation name="android.support.annotation.IntDef">
      <val name="flag" val="true" />
      <val name="value" val="{com.st.BlueSTSDK.Features.FeatureAccelerationEvent.NO_EVENT, com.st.BlueSTSDK.Features.FeatureAccelerationEvent.ORIENTATION_TOP_LEFT, com.st.BlueSTSDK.Features.FeatureAccelerationEvent.ORIENTATION_TOP_RIGHT, com.st.BlueSTSDK.Features.FeatureAccelerationEvent.ORIENTATION_BOTTOM_RIGHT, com.st.BlueSTSDK.Features.FeatureAccelerationEvent.ORIENTATION_BOTTOM_LEFT, com.st.BlueSTSDK.Features.FeatureAccelerationEvent.ORIENTATION_UP, com.st.BlueSTSDK.Features.FeatureAccelerationEvent.ORIENTATION_DOWN, com.st.BlueSTSDK.Features.FeatureAccelerationEvent.TILT, com.st.BlueSTSDK.Features.FeatureAccelerationEvent.SINGLE_TAP, com.st.BlueSTSDK.Features.FeatureAccelerationEvent.DOUBLE_TAP, com.st.BlueSTSDK.Features.FeatureAccelerationEvent.WAKE_UP, com.st.BlueSTSDK.Features.FeatureAccelerationEvent.PEDOMETER, com.st.BlueSTSDK.Features.FeatureAccelerationEvent.FREE_FALL}" />
    </annotation>
  </item>
  <item name="com.st.BlueSTSDK.Features.FeatureAccelerationEvent.AccelerationEvent">
    <annotation name="android.support.annotation.IntDef">
      <val name="flag" val="true" />
      <val name="value" val="{com.st.BlueSTSDK.Features.FeatureAccelerationEvent.NO_EVENT, com.st.BlueSTSDK.Features.FeatureAccelerationEvent.ORIENTATION_TOP_LEFT, com.st.BlueSTSDK.Features.FeatureAccelerationEvent.ORIENTATION_TOP_RIGHT, com.st.BlueSTSDK.Features.FeatureAccelerationEvent.ORIENTATION_BOTTOM_RIGHT, com.st.BlueSTSDK.Features.FeatureAccelerationEvent.ORIENTATION_BOTTOM_LEFT, com.st.BlueSTSDK.Features.FeatureAccelerationEvent.ORIENTATION_UP, com.st.BlueSTSDK.Features.FeatureAccelerationEvent.ORIENTATION_DOWN, com.st.BlueSTSDK.Features.FeatureAccelerationEvent.TILT, com.st.BlueSTSDK.Features.FeatureAccelerationEvent.SINGLE_TAP, com.st.BlueSTSDK.Features.FeatureAccelerationEvent.DOUBLE_TAP, com.st.BlueSTSDK.Features.FeatureAccelerationEvent.WAKE_UP, com.st.BlueSTSDK.Features.FeatureAccelerationEvent.PEDOMETER, com.st.BlueSTSDK.Features.FeatureAccelerationEvent.FREE_FALL}" />
    </annotation>
  </item>
  <item name="com.st.BlueSTSDK.Features.FeatureBeamforming boolean setBeamFormingDirection(int) 0">
    <annotation name="android.support.annotation.IntDef">
      <val name="value" val="{com.st.BlueSTSDK.Features.FeatureBeamforming.Direction.TOP, com.st.BlueSTSDK.Features.FeatureBeamforming.Direction.TOP_RIGHT, com.st.BlueSTSDK.Features.FeatureBeamforming.Direction.RIGHT, com.st.BlueSTSDK.Features.FeatureBeamforming.Direction.BOTTOM_RIGHT, com.st.BlueSTSDK.Features.FeatureBeamforming.Direction.BOTTOM, com.st.BlueSTSDK.Features.FeatureBeamforming.Direction.BOTTOM_LEFT, com.st.BlueSTSDK.Features.FeatureBeamforming.Direction.LEFT, com.st.BlueSTSDK.Features.FeatureBeamforming.Direction.TOP_LEFT, com.st.BlueSTSDK.Features.FeatureBeamforming.Direction.UNKNOWN}" />
    </annotation>
  </item>
  <item name="com.st.BlueSTSDK.Features.FeatureBeamforming int getDirection(com.st.BlueSTSDK.Feature.Sample)">
    <annotation name="android.support.annotation.IntDef">
      <val name="value" val="{com.st.BlueSTSDK.Features.FeatureBeamforming.Direction.TOP, com.st.BlueSTSDK.Features.FeatureBeamforming.Direction.TOP_RIGHT, com.st.BlueSTSDK.Features.FeatureBeamforming.Direction.RIGHT, com.st.BlueSTSDK.Features.FeatureBeamforming.Direction.BOTTOM_RIGHT, com.st.BlueSTSDK.Features.FeatureBeamforming.Direction.BOTTOM, com.st.BlueSTSDK.Features.FeatureBeamforming.Direction.BOTTOM_LEFT, com.st.BlueSTSDK.Features.FeatureBeamforming.Direction.LEFT, com.st.BlueSTSDK.Features.FeatureBeamforming.Direction.TOP_LEFT, com.st.BlueSTSDK.Features.FeatureBeamforming.Direction.UNKNOWN}" />
    </annotation>
  </item>
  <item name="com.st.BlueSTSDK.Features.FeatureBeamforming.Direction">
    <annotation name="android.support.annotation.IntDef">
      <val name="value" val="{com.st.BlueSTSDK.Features.FeatureBeamforming.Direction.TOP, com.st.BlueSTSDK.Features.FeatureBeamforming.Direction.TOP_RIGHT, com.st.BlueSTSDK.Features.FeatureBeamforming.Direction.RIGHT, com.st.BlueSTSDK.Features.FeatureBeamforming.Direction.BOTTOM_RIGHT, com.st.BlueSTSDK.Features.FeatureBeamforming.Direction.BOTTOM, com.st.BlueSTSDK.Features.FeatureBeamforming.Direction.BOTTOM_LEFT, com.st.BlueSTSDK.Features.FeatureBeamforming.Direction.LEFT, com.st.BlueSTSDK.Features.FeatureBeamforming.Direction.TOP_LEFT, com.st.BlueSTSDK.Features.FeatureBeamforming.Direction.UNKNOWN}" />
    </annotation>
  </item>
  <item name="com.st.BlueSTSDK.Features.FeatureSDLogging int getLoggingStatus(com.st.BlueSTSDK.Feature.Sample)">
    <annotation name="android.support.annotation.IntDef">
      <val name="value" val="{com.st.BlueSTSDK.Features.FeatureSDLogging.LOGGING_STOPPED, com.st.BlueSTSDK.Features.FeatureSDLogging.LOGGING_STARTED, com.st.BlueSTSDK.Features.FeatureSDLogging.LOGGING_NO_SD, com.st.BlueSTSDK.Features.FeatureSDLogging.LOGGING_IO_ERROR}" />
    </annotation>
  </item>
  <item name="com.st.BlueSTSDK.Features.FeatureSDLogging.LoggingStatus">
    <annotation name="android.support.annotation.IntDef">
      <val name="value" val="{com.st.BlueSTSDK.Features.FeatureSDLogging.LOGGING_STOPPED, com.st.BlueSTSDK.Features.FeatureSDLogging.LOGGING_STARTED, com.st.BlueSTSDK.Features.FeatureSDLogging.LOGGING_NO_SD, com.st.BlueSTSDK.Features.FeatureSDLogging.LOGGING_IO_ERROR}" />
    </annotation>
  </item>
</root>

